[
  {
    "id": "1",
    "title": "김치찌개",
    "ingredients": ["김치", "돼지고기", "두부", "대파"],
    "time": 25,
    "difficulty": "중간",
    "image": "https://images.unsplash.com/photo-1544025162-d76694265947?q=80&w=1200&auto=format&fit=crop"
  },
  {
    "id": "2",
    "title": "된장찌개",
    "ingredients": ["된장", "두부", "애호박", "버섯"],
    "time": 20,
    "difficulty": "쉬움",
    "image": "https://images.unsplash.com/photo-1551183053-bf91a1d81141?q=80&w=1200&auto=format&fit=crop"
  },
  {
    "id": "3",
    "title": "비빔밥",
    "ingredients": ["밥", "나물", "계란", "고추장"],
    "time": 15,
    "difficulty": "쉬움",
    "image": "https://images.unsplash.com/photo-1526318472351-c75fcf070305?q=80&w=1200&auto=format&fit=crop"
  }
]
